{"cameraMode":{"drawMode":0,"name":"Shaded","section":"Shading Mode"},"sceneLighting":true,"audioPlay":false,"sceneViewState":{"showFog":true,"showMaterialUpdate":false,"showSkybox":true,"showFlares":true,"showImageEffects":true,"showParticleSystems":true},"in2DMode":false,"pivot":{"x":-8.422545433044434,"y":0.6490414142608643,"z":0.8662543296813965},"rotation":{"x":0.11555483937263489,"y":0.009547827765345574,"z":-0.0011711715487763286,"w":0.9933317303657532},"size":2.7710206508636476,"orthographic":false}